FLOW Data Export,2025-08-11T15:14:33.433123,,
Period,2025-07-01 - 2025-08-10,,
,,,
SUMMARY,,,
Total Sessions,0,,
Total Time,0:00:00,,
Unique Tasks,0,,
Average Session Time,0:00:00,,
Longest Session,0:00:00,,
,,,
DETAILED DATA,,,
Date,Task,Duration (sec),Duration (time)
01-07-25,Deploy Docker,2829,0:47:39
01-07-25,Tune PostgreSQL,5303,1:28:48
01-07-25,Test REST,2118,0:35:11
01-07-25,Test REST,6293,1:44:07
01-07-25,Prometheus monitoring,7220,2:00:15
02-07-25,Refactor code,4380,1:13:48
02-07-25,Ensure application,5369,1:29:24
02-07-25,Migrate database,1785,0:29:49
02-07-25,Build Telegram,2779,0:46:46
02-07-25,Update project,2913,0:48:45
03-07-25,Configure cloud,879,0:14:06
03-07-25,Optimize SQL,4107,1:08:12
03-07-25,Kubernetes cluster,6856,1:54:12
03-07-25,Tune PostgreSQL,6040,1:40:27
04-07-25,Create reporting,3966,1:06:53
04-07-25,Optimize SQL,2442,0:40:22
04-07-25,Tune PostgreSQL,1365,0:22:30
04-07-25,Create reporting,6363,1:46:04
04-07-25,Develop mobile,2682,0:44:25
04-07-25,Analyze server,3090,0:51:34
04-07-25,Optimize SQL,3423,0:57:48
04-07-25,Develop frontend,1465,0:24:40
05-07-25,Prometheus monitoring,1319,0:21:53
05-07-25,Maintain legacy,5152,1:25:45
05-07-25,Configure cloud,6024,1:40:16
05-07-25,Create reporting,6695,1:51:37
05-07-25,Maintain legacy,4048,1:07:57
06-07-25,Develop frontend,6823,1:53:25
06-07-25,Monitor performance,1936,0:32:29
06-07-25,CI/CD pipeline,2891,0:48:54
06-07-25,Monitor performance,1585,0:26:47
06-07-25,Deploy Docker,5141,1:25:14
06-07-25,Kubernetes cluster,4481,1:14:15
07-07-25,Analyze server,4428,1:13:55
07-07-25,Develop microservice,5371,1:29:13
07-07-25,Test REST,2560,0:42:42
07-07-25,Create reporting,1279,0:21:57
07-07-25,Prometheus monitoring,6781,1:53:16
07-07-25,Prometheus monitoring,1361,0:22:34
07-07-25,Write unit,1307,0:21:40
08-07-25,Configure Redis,7181,1:59:25
08-07-25,Configure cloud,1914,0:31:47
08-07-25,Analyze server,2519,0:41:48
08-07-25,Develop microservice,3622,1:00:27
09-07-25,Monitor performance,2527,0:42:57
09-07-25,Maintain legacy,1531,0:25:27
09-07-25,Integrate with,7231,2:00:37
09-07-25,Build Telegram,1019,0:16:40
09-07-25,Deploy Docker,737,0:12:34
09-07-25,Migrate database,4322,1:12:14
09-07-25,Integrate with,4016,1:06:02
10-07-25,Monitor performance,1815,0:30:42
10-07-25,Develop microservice,4445,1:14:12
10-07-25,Migrate database,3837,1:03:58
10-07-25,Deploy Docker,6723,1:52:31
10-07-25,Kubernetes cluster,4613,1:16:34
10-07-25,Integrate with,1425,0:23:42
11-07-25,Optimize SQL,2643,0:44:10
11-07-25,Write unit,5137,1:25:43
11-07-25,Migrate database,1449,0:24:04
11-07-25,Test REST,7087,1:58:24
11-07-25,Test REST,6279,1:44:03
11-07-25,Refactor code,5438,1:30:44
11-07-25,Analyze user,3601,1:00:34
12-07-25,Refactor code,1234,0:20:13
12-07-25,Test REST,4243,1:10:00
12-07-25,Integrate with,3816,1:03:53
12-07-25,Test REST,1076,0:17:19
12-07-25,Prometheus monitoring,1417,0:23:53
12-07-25,Maintain legacy,7057,1:57:24
13-07-25,Configure Redis,6491,1:48:29
13-07-25,Develop microservice,3637,1:00:44
13-07-25,Write unit,4968,1:22:50
13-07-25,Optimize SQL,3412,0:56:03
13-07-25,Develop mobile,3602,1:00:47
13-07-25,Build Telegram,6686,1:51:51
14-07-25,Create reporting,5205,1:26:52
14-07-25,Test REST,2991,0:49:00
14-07-25,Develop frontend,2787,0:46:32
14-07-25,Create reporting,2966,0:49:42
14-07-25,Process data,970,0:16:31
14-07-25,Scrape data,6523,1:48:56
14-07-25,Test REST,3478,0:57:22
14-07-25,Update project,6513,1:48:34
15-07-25,Scrape data,3305,0:55:59
15-07-25,Process data,5872,1:37:54
15-07-25,Prometheus monitoring,3779,1:02:06
15-07-25,Update project,1397,0:23:56
15-07-25,Test REST,1777,0:29:55
15-07-25,Configure cloud,6574,1:49:34
16-07-25,Maintain legacy,4214,1:10:15
16-07-25,Maintain legacy,5726,1:35:19
16-07-25,Build Telegram,3682,1:01:48
16-07-25,Migrate database,1682,0:28:57
16-07-25,Integrate with,4090,1:08:08
17-07-25,Process data,4543,1:15:02
17-07-25,Maintain legacy,756,0:12:08
17-07-25,Develop microservice,4695,1:18:56
17-07-25,Migrate database,1978,0:32:27
17-07-25,Tune PostgreSQL,6868,1:54:20
17-07-25,Update project,2644,0:44:42
17-07-25,Analyze user,5538,1:32:31
17-07-25,Configure cloud,2984,0:49:57
18-07-25,Update project,4856,1:20:16
18-07-25,Create reporting,2679,0:44:02
18-07-25,Maintain legacy,3931,1:05:32
18-07-25,Update project,4888,1:21:40
18-07-25,Deploy Docker,2661,0:44:30
19-07-25,Integrate with,711,0:11:30
19-07-25,Implement push,5258,1:27:13
19-07-25,Analyze server,2251,0:37:15
19-07-25,Migrate database,693,0:11:39
19-07-25,CI/CD pipeline,2596,0:43:42
19-07-25,Create reporting,901,0:15:22
19-07-25,Optimize SQL,5880,1:38:38
20-07-25,Migrate database,5803,1:36:37
20-07-25,Maintain legacy,2495,0:41:25
20-07-25,Test REST,3152,0:52:35
20-07-25,Develop microservice,5027,1:23:00
20-07-25,Implement push,884,0:14:23
20-07-25,Develop authentication,2582,0:43:42
20-07-25,Deploy Docker,2915,0:48:02
20-07-25,Analyze server,790,0:13:02
20-07-25,Refactor code,3239,0:53:05
21-07-25,Deploy Docker,5773,1:36:11
21-07-25,Maintain legacy,6105,1:41:03
21-07-25,Prometheus monitoring,1159,0:19:39
21-07-25,Develop frontend,629,0:10:37
21-07-25,Monitor performance,2838,0:47:40
21-07-25,Create reporting,2449,0:40:00
22-07-25,Implement push,3686,1:01:12
22-07-25,Tune PostgreSQL,1578,0:26:30
22-07-25,Integrate with,5887,1:38:40
22-07-25,Implement push,1223,0:20:24
22-07-25,Ensure application,6346,1:45:52
22-07-25,Create reporting,966,0:16:05
22-07-25,Integrate with,1370,0:22:02
22-07-25,Ensure application,3500,0:58:52
23-07-25,Develop authentication,4670,1:17:52
23-07-25,Optimize SQL,3917,1:05:41
23-07-25,Update project,1640,0:27:42
23-07-25,Ensure application,4683,1:18:31
23-07-25,Develop authentication,1110,0:18:29
23-07-25,Migrate database,630,0:10:06
23-07-25,Monitor performance,5474,1:31:32
23-07-25,Develop microservice,995,0:16:25
24-07-25,Test REST,1375,0:22:32
24-07-25,Prometheus monitoring,1172,0:19:52
24-07-25,Develop mobile,5700,1:35:20
24-07-25,Implement push,5576,1:32:56
24-07-25,Maintain legacy,1776,0:29:00
24-07-25,Maintain legacy,4052,1:07:14
24-07-25,Integrate with,4423,1:13:44
25-07-25,Ensure application,3371,0:56:59
25-07-25,Create reporting,6348,1:45:55
25-07-25,Develop frontend,4901,1:21:42
25-07-25,Develop mobile,4349,1:12:48
25-07-25,Migrate database,1066,0:17:46
26-07-25,Prometheus monitoring,1494,0:24:34
26-07-25,Kubernetes cluster,2716,0:45:49
26-07-25,Develop AI,5515,1:31:34
26-07-25,Configure Redis,3793,1:03:58
26-07-25,Monitor performance,6019,1:40:51
26-07-25,Integrate with,2885,0:48:01
27-07-25,Build Telegram,7081,1:58:31
27-07-25,Build Telegram,4539,1:15:57
27-07-25,Configure cloud,2959,0:49:54
27-07-25,Refactor code,6771,1:52:12
27-07-25,Tune PostgreSQL,7040,1:57:07
27-07-25,Deploy Docker,1096,0:18:56
27-07-25,Ensure application,1829,0:30:50
28-07-25,Optimize SQL,2675,0:44:02
28-07-25,Migrate database,3036,0:50:31
28-07-25,Write unit,6159,1:42:03
28-07-25,Process data,2361,0:39:38
28-07-25,Develop AI,6086,1:41:08
29-07-25,Ensure application,1301,0:21:06
29-07-25,Write unit,6862,1:54:49
29-07-25,Maintain legacy,2664,0:44:00
29-07-25,Kubernetes cluster,6150,1:42:51
29-07-25,Tune PostgreSQL,808,0:13:03
29-07-25,Develop mobile,4027,1:07:56
29-07-25,Kubernetes cluster,2280,0:38:00
29-07-25,Develop frontend,781,0:13:04
29-07-25,Develop frontend,3783,1:03:27
30-07-25,Prometheus monitoring,2681,0:44:41
30-07-25,Optimize SQL,2768,0:46:59
30-07-25,Write unit,7255,2:00:50
30-07-25,Create reporting,5233,1:27:57
30-07-25,Integrate with,3040,0:50:43
30-07-25,Monitor performance,1564,0:26:00
30-07-25,Integrate with,1413,0:23:43
31-07-25,Integrate with,5947,1:39:45
31-07-25,Kubernetes cluster,5964,1:39:17
31-07-25,Migrate database,5937,1:38:43
31-07-25,Prometheus monitoring,2700,0:45:02
01-08-25,Integrate with,2399,0:39:46
01-08-25,Optimize SQL,802,0:13:31
01-08-25,Optimize SQL,918,0:15:58
01-08-25,Monitor performance,3544,0:59:02
01-08-25,Maintain legacy,7083,1:58:59
02-08-25,Process data,2536,0:42:00
02-08-25,Create reporting,4184,1:09:09
02-08-25,Develop authentication,1624,0:27:17
02-08-25,Optimize SQL,4073,1:07:13
02-08-25,Deploy Docker,3931,1:05:05
02-08-25,Analyze user,4987,1:23:22
02-08-25,Integrate with,1638,0:27:05
02-08-25,Optimize SQL,1621,0:27:39
02-08-25,CI/CD pipeline,2766,0:46:34
02-08-25,Develop AI,5091,1:24:12
03-08-25,Analyze server,5191,1:26:30
03-08-25,Test REST,3738,1:02:09
03-08-25,Write unit,1506,0:25:37
03-08-25,Scrape data,3409,0:56:42
03-08-25,Write unit,3819,1:03:18
04-08-25,Refactor code,6240,1:44:03
04-08-25,Kubernetes cluster,812,0:13:17
04-08-25,CI/CD pipeline,645,0:10:42
04-08-25,Test REST,1388,0:23:57
04-08-25,Analyze user,1294,0:21:50
04-08-25,Develop AI,2784,0:46:41
04-08-25,Analyze server,4377,1:12:24
04-08-25,Develop frontend,5857,1:37:14
05-08-25,Test REST,6412,1:46:46
05-08-25,Analyze server,2611,0:43:09
05-08-25,Monitor performance,2031,0:33:32
05-08-25,Configure cloud,4310,1:11:42
05-08-25,Integrate with,6089,1:41:11
05-08-25,CI/CD pipeline,6728,1:52:49
06-08-25,Develop microservice,903,0:15:51
06-08-25,Write unit,4963,1:22:30
06-08-25,Kubernetes cluster,6774,1:52:17
06-08-25,Integrate with,6692,1:51:22
06-08-25,CI/CD pipeline,6297,1:44:35
07-08-25,Create reporting,7107,1:58:20
07-08-25,Migrate database,4459,1:14:57
07-08-25,Implement push,2591,0:43:53
07-08-25,Integrate with,438,0:07:02
08-08-25,Kubernetes cluster,1503,0:25:34
08-08-25,Develop microservice,1026,0:17:14
08-08-25,Integrate with,994,0:16:19
08-08-25,Prometheus monitoring,5125,1:25:31
08-08-25,Scrape data,6136,1:42:43
08-08-25,Configure cloud,4868,1:21:22
09-08-25,Process data,729,0:12:03
09-08-25,Test REST,3480,0:58:21
09-08-25,Refactor code,4525,1:15:58
09-08-25,Optimize SQL,1918,0:31:11
09-08-25,Implement push,5216,1:26:08
09-08-25,Scrape data,5395,1:29:08
09-08-25,Analyze server,1622,0:27:58
09-08-25,Develop mobile,4298,1:11:55
10-08-25,Integrate with,5487,1:31:49
10-08-25,Build Telegram,2285,0:38:09
10-08-25,Integrate with,6792,1:53:32
10-08-25,Implement push,6284,1:44:43
10-08-25,Analyze server,2736,0:45:45
10-08-25,Write unit,4520,1:15:25
